simulator,x0,s_oracle
mm1_sojourn,0.1,1.1111111111111112
mm1_sojourn,0.10200501253132832,1.1135919620429808
mm1_sojourn,0.10401002506265665,1.1160839160839162
mm1_sojourn,0.10601503759398496,1.1185870479394449
mm1_sojourn,0.1080200501253133,1.1211014329867939
mm1_sojourn,0.11002506265664161,1.1236271472824557
mm1_sojourn,0.11203007518796992,1.126164267569856
mm1_sojourn,0.11403508771929825,1.1287128712871288
mm1_sojourn,0.11604010025062657,1.131273036574993
mm1_sojourn,0.1180451127819549,1.13384484228474
mm1_sojourn,0.12005012531328321,1.1364283679863287
mm1_sojourn,0.12205513784461153,1.1390236939765914
mm1_sojourn,0.12406015037593986,1.1416309012875536
mm1_sojourn,0.12606516290726819,1.1442500716948667
mm1_sojourn,0.1280701754385965,1.1468812877263581
mm1_sojourn,0.13007518796992482,1.1495246326707
mm1_sojourn,0.13208020050125313,1.152180190586197
mm1_sojourn,0.13408521303258147,1.1548480463096962
mm1_sojourn,0.1360902255639098,1.1575282854656224
mm1_sojourn,0.1380952380952381,1.160220994475138
mm1_sojourn,0.14010025062656642,1.1629262605654327
mm1_sojourn,0.14210526315789473,1.165644171779141
mm1_sojourn,0.14411027568922308,1.1683748169838946
mm1_sojourn,0.1461152882205514,1.1711182858820077
mm1_sojourn,0.1481203007518797,1.1738746690203001
mm1_sojourn,0.15012531328320802,1.176644057800059
mm1_sojourn,0.15213032581453634,1.1794265444871417
mm1_sojourn,0.15413533834586468,1.1822222222222223
mm1_sojourn,0.156140350877193,1.185031185031185
mm1_sojourn,0.1581453634085213,1.1878535278356652
mm1_sojourn,0.16015037593984963,1.190689346463742
mm1_sojourn,0.16215538847117794,1.1935387376607838
mm1_sojourn,0.16416040100250628,1.1964017991004499
mm1_sojourn,0.16616541353383457,1.1992786293958522
mm1_sojourn,0.16817042606516291,1.2021693281108767
mm1_sojourn,0.17017543859649123,1.20507399577167
mm1_sojourn,0.17218045112781954,1.2079927338782925
mm1_sojourn,0.1741854636591479,1.2109256449165402
mm1_sojourn,0.17619047619047618,1.2138728323699421
mm1_sojourn,0.17819548872180452,1.2168344007319305
mm1_sojourn,0.18020050125313283,1.2198104555181901
mm1_sojourn,0.18220551378446115,1.222801103279191
mm1_sojourn,0.1842105263157895,1.2258064516129032
mm1_sojourn,0.18621553884711778,1.2288266091777025
mm1_sojourn,0.18822055137844612,1.2318616857054645
mm1_sojourn,0.19022556390977444,1.234911792014856
mm1_sojourn,0.19223057644110275,1.2379770400248216
mm1_sojourn,0.1942355889724311,1.2410575427682737
mm1_sojourn,0.1962406015037594,1.244153414405987
mm1_sojourn,0.19824561403508772,1.2472647702407
mm1_sojourn,0.20025062656641604,1.2503917267314322
mm1_sojourn,0.20225563909774436,1.2535344015080112
mm1_sojourn,0.2042606516290727,1.256692913385827
mm1_sojourn,0.206265664160401,1.259867382380802
mm1_sojourn,0.20827067669172933,1.2630579297245963
mm1_sojourn,0.21027568922305764,1.266264677880038
mm1_sojourn,0.21228070175438596,1.269487750556793
mm1_sojourn,0.2142857142857143,1.2727272727272727
mm1_sojourn,0.21629072681704262,1.2759833706427888
mm1_sojourn,0.21829573934837093,1.2792561718499518
mm1_sojourn,0.22030075187969925,1.2825458052073289
mm1_sojourn,0.22230576441102756,1.2858524009023526
mm1_sojourn,0.2243107769423559,1.2891760904684977
mm1_sojourn,0.22631578947368422,1.2925170068027212
mm1_sojourn,0.22832080200501254,1.2958752841831762
mm1_sojourn,0.23032581453634085,1.2992510582872028
mm1_sojourn,0.23233082706766917,1.3026444662095984
mm1_sojourn,0.2343358395989975,1.3060556464811783
mm1_sojourn,0.23634085213032582,1.3094847390876272
mm1_sojourn,0.23834586466165414,1.3129318854886476
mm1_sojourn,0.24035087719298245,1.3163972286374133
mm1_sojourn,0.24235588972431077,1.3198809130003308
mm1_sojourn,0.2443609022556391,1.3233830845771144
mm1_sojourn,0.24636591478696743,1.3269038909211839
mm1_sojourn,0.24837092731829574,1.3304434811603867
mm1_sojourn,0.25037593984962403,1.3340020060180542
mm1_sojourn,0.2523809523809524,1.3375796178343948
mm1_sojourn,0.2543859649122807,1.3411764705882354
mm1_sojourn,0.25639097744360906,1.3447927199191103
mm1_sojourn,0.25839598997493735,1.3484285231497126
mm1_sojourn,0.26040100250626563,1.3520840393087088
mm1_sojourn,0.262406015037594,1.3557594291539246
mm1_sojourn,0.2644110275689223,1.3594548551959114
mm1_sojourn,0.26641604010025066,1.3631704817218997
mm1_sojourn,0.26842105263157895,1.3669064748201438
mm1_sojourn,0.27042606516290724,1.370663002404672
mm1_sojourn,0.2724310776942356,1.374440234240441
mm1_sojourn,0.2744360902255639,1.378238341968912
mm1_sojourn,0.27644110275689227,1.3820574991340493
mm1_sojourn,0.27844611528822055,1.385897881208753
mm1_sojourn,0.28045112781954884,1.3897596656217346
mm1_sojourn,0.2824561403508772,1.393643031784841
mm1_sojourn,0.2844611528822055,1.3975481611208407
mm1_sojourn,0.28646616541353387,1.4014752370916754
mm1_sojourn,0.28847117794486216,1.4054244452271927
mm1_sojourn,0.29047619047619044,1.4093959731543624
mm1_sojourn,0.2924812030075188,1.4133900106269925
mm1_sojourn,0.29448621553884713,1.4174067495559504
mm1_sojourn,0.29649122807017547,1.4214463840399003
mm1_sojourn,0.29849624060150376,1.42550911039657
mm1_sojourn,0.30050125313283205,1.429595127194554
mm1_sojourn,0.3025062656641604,1.4337046352856628
mm1_sojourn,0.30451127819548873,1.4378378378378378
mm1_sojourn,0.3065162907268171,1.4419949403686303
mm1_sojourn,0.30852130325814536,1.4461761507792676
mm1_sojourn,0.31052631578947365,1.450381679389313
mm1_sojourn,0.312531328320802,1.4546117389719284
mm1_sojourn,0.31453634085213034,1.4588665447897624
mm1_sojourn,0.3165413533834587,1.4631463146314632
mm1_sojourn,0.31854636591478697,1.4674512688488415
mm1_sojourn,0.32055137844611525,1.4717816303946882
mm1_sojourn,0.3225563909774436,1.4761376248612652
mm1_sojourn,0.32456140350877194,1.4805194805194806
mm1_sojourn,0.3265664160401003,1.4849274283587646
mm1_sojourn,0.32857142857142857,1.4893617021276595
mm1_sojourn,0.33057644110275686,1.4938225383751402
mm1_sojourn,0.3325814536340852,1.4983101764926774
mm1_sojourn,0.33458646616541354,1.502824858757062
mm1_sojourn,0.3365914786967419,1.5073668303740084
mm1_sojourn,0.3385964912280702,1.5119363395225462
mm1_sojourn,0.34060150375939846,1.516533637400228
mm1_sojourn,0.3426065162907268,1.5211589782691575
mm1_sojourn,0.34461152882205515,1.525812619502868
mm1_sojourn,0.3466165413533835,1.5304948216340621
mm1_sojourn,0.3486215538847118,1.5352058484032318
mm1_sojourn,0.35062656641604006,1.539945966808182
mm1_sojourn,0.3526315789473684,1.5447154471544715
mm1_sojourn,0.35463659147869675,1.5495145631067961
mm1_sojourn,0.3566416040100251,1.5543435917413324
mm1_sojourn,0.35864661654135344,1.5592028135990623
mm1_sojourn,0.36065162907268167,1.5640925127401017
mm1_sojourn,0.36265664160401,1.5690129767990562
mm1_sojourn,0.36466165413533835,1.5739644970414202
mm1_sojourn,0.3666666666666667,1.5789473684210527
mm1_sojourn,0.36867167919799504,1.5839618896387457
mm1_sojourn,0.37067669172932327,1.5890083632019114
mm1_sojourn,0.3726817042606516,1.5940870954854174
mm1_sojourn,0.37468671679197996,1.5991983967935872
mm1_sojourn,0.3766917293233083,1.6043425814234018
mm1_sojourn,0.37869674185463664,1.6095199677289231
mm1_sojourn,0.3807017543859649,1.6147308781869687
mm1_sojourn,0.3827067669172932,1.619975639464068
mm1_sojourn,0.38471177944862156,1.625254582484725
mm1_sojourn,0.3867167919799499,1.6305680425010218
mm1_sojourn,0.38872180451127825,1.6359163591635917
mm1_sojourn,0.3907268170426065,1.6412998765939941
mm1_sojourn,0.3927318295739348,1.6467189434585225
mm1_sojourn,0.39473684210526316,1.6521739130434783
mm1_sojourn,0.3967418546365915,1.6576651433319485
mm1_sojourn,0.39874686716791985,1.6631929970821178
mm1_sojourn,0.4007518796992481,1.6687578419071518
mm1_sojourn,0.4027568922305764,1.674360050356693
mm1_sojourn,0.40476190476190477,1.68
mm1_sojourn,0.4067669172932331,1.6856780735107733
mm1_sojourn,0.40877192982456145,1.6913946587537094
mm1_sojourn,0.4107769423558897,1.69715014887282
mm1_sojourn,0.412781954887218,1.7029449423815621
mm1_sojourn,0.41478696741854637,1.708779443254818
mm1_sojourn,0.4167919799498747,1.7146540610227763
mm1_sojourn,0.41879699248120306,1.720569210866753
mm1_sojourn,0.4208020050125313,1.7265253137170056
mm1_sojourn,0.42280701754385963,1.7325227963525835
mm1_sojourn,0.424812030075188,1.738562091503268
mm1_sojourn,0.4268170426065163,1.7446436379536512
mm1_sojourn,0.42882205513784466,1.7507678806494078
mm1_sojourn,0.4308270676691729,1.7569352708058124
mm1_sojourn,0.43283208020050123,1.7631462660185593
mm1_sojourn,0.4348370927318296,1.7694013303769403
mm1_sojourn,0.4368421052631579,1.7757009345794392
mm1_sojourn,0.43884711779448626,1.782045556051809
mm1_sojourn,0.4408521303258145,1.7884356790676825
mm1_sojourn,0.44285714285714284,1.7948717948717947
mm1_sojourn,0.4448621553884712,1.8013544018058691
mm1_sojourn,0.4468671679197995,1.8078840054372451
mm1_sojourn,0.44887218045112787,1.814461118690314
mm1_sojourn,0.4508771929824561,1.8210862619808306
mm1_sojourn,0.45288220551378444,1.8277599633531836
mm1_sojourn,0.4548872180451128,1.8344827586206898
mm1_sojourn,0.4568922305764411,1.8412551915089987
mm1_sojourn,0.45889724310776947,1.8480778138026865
mm1_sojourn,0.4609022556390977,1.8549511854951184
mm1_sojourn,0.46290726817042605,1.8618758749416704
mm1_sojourn,0.4649122807017544,1.8688524590163935
mm1_sojourn,0.46691729323308273,1.8758815232722146
mm1_sojourn,0.4689223057644111,1.8829636621047665
mm1_sojourn,0.4709273182957393,1.890099478919943
mm1_sojourn,0.47293233082706765,1.897289586305278
mm1_sojourn,0.474937343358396,1.9045346062052506
mm1_sojourn,0.47694235588972433,1.911835170100623
mm1_sojourn,0.4789473684210527,1.9191919191919193
mm1_sojourn,0.4809523809523809,1.9266055045871557
mm1_sojourn,0.48295739348370925,1.9340765874939407
mm1_sojourn,0.4849624060150376,1.9416058394160585
mm1_sojourn,0.48696741854636594,1.9491939423546654
mm1_sojourn,0.4889724310776943,1.9568415890142228
mm1_sojourn,0.4909774436090225,1.9645494830132937
mm1_sojourn,0.49298245614035086,1.972318339100346
mm1_sojourn,0.4949874686716792,1.9801488833746899
mm1_sojourn,0.49699248120300754,1.9880418535127056
mm1_sojourn,0.4989974937343359,1.9959979989995
mm1_sojourn,0.5010025062656641,2.0040180813661475
mm1_sojourn,0.5030075187969925,2.012102874432678
mm1_sojourn,0.5050125313283208,2.020253164556962
mm1_sojourn,0.5070175438596491,2.0284697508896796
mm1_sojourn,0.5090225563909775,2.0367534456355285
mm1_sojourn,0.5110275689223057,2.045105074320861
mm1_sojourn,0.5130325814536341,2.0535254760679362
mm1_sojourn,0.5150375939849624,2.062015503875969
mm1_sojourn,0.5170426065162907,2.0705760249091854
mm1_sojourn,0.5190476190476191,2.0792079207920793
mm1_sojourn,0.5210526315789473,2.0879120879120876
mm1_sojourn,0.5230576441102757,2.0966894377299
mm1_sojourn,0.525062656641604,2.1055408970976255
mm1_sojourn,0.5270676691729324,2.114467408585056
mm1_sojourn,0.5290726817042607,2.123469930814263
mm1_sojourn,0.5310776942355889,2.132549438802779
mm1_sojourn,0.5330827067669173,2.1417069243156197
mm1_sojourn,0.5350877192982456,2.150943396226415
mm1_sojourn,0.537092731829574,2.1602598808879265
mm1_sojourn,0.5390977443609023,2.169657422512235
mm1_sojourn,0.5411027568922305,2.1791370835608954
mm1_sojourn,0.5431077694235589,2.188699945145365
mm1_sojourn,0.5451127819548872,2.1983471074380163
mm1_sojourn,0.5471177944862156,2.208079690094079
mm1_sojourn,0.5491228070175439,2.217898832684825
mm1_sojourn,0.5511278195488721,2.2278056951423784
mm1_sojourn,0.5531328320802005,2.237801458216489
mm1_sojourn,0.5551378446115288,2.247887323943662
mm1_sojourn,0.5571428571428572,2.2580645161290325
mm1_sojourn,0.5591478696741855,2.2683342808413873
mm1_sojourn,0.5611528822055137,2.278697886921759
mm1_sojourn,0.5631578947368421,2.289156626506024
mm1_sojourn,0.5651629072681704,2.2997118155619596
mm1_sojourn,0.5671679197994988,2.3103647944412278
mm1_sojourn,0.5691729323308271,2.3211169284467714
mm1_sojourn,0.5711779448621553,2.3319696084161308
mm1_sojourn,0.5731829573934837,2.3429242513211976
mm1_sojourn,0.575187969924812,2.353982300884956
mm1_sojourn,0.5771929824561404,2.3651452282157677
mm1_sojourn,0.5791979949874687,2.3764145324597976
mm1_sojourn,0.5812030075187969,2.387791741472172
mm1_sojourn,0.5832080200501253,2.3992784125075164
mm1_sojourn,0.5852130325814536,2.4108761329305137
mm1_sojourn,0.587218045112782,2.422586520947177
mm1_sojourn,0.5892230576441103,2.4344112263575353
mm1_sojourn,0.5912280701754385,2.446351931330472
mm1_sojourn,0.5932330827067669,2.4584103512014788
mm1_sojourn,0.5952380952380952,2.4705882352941178
mm1_sojourn,0.5972431077694236,2.4828873677660237
mm1_sojourn,0.5992481203007519,2.4953095684803004
mm1_sojourn,0.6012531328320802,2.5078566939032054
mm1_sojourn,0.6032581453634085,2.5205306380290584
mm1_sojourn,0.6052631578947368,2.533333333333333
mm1_sojourn,0.6072681704260652,2.546266751754946
mm1_sojourn,0.6092731829573934,2.559332905708787
mm1_sojourn,0.6112781954887218,2.5725338491295933
mm1_sojourn,0.6132832080200501,2.5858716785482825
mm1_sojourn,0.6152882205513784,2.599348534201954
mm1_sojourn,0.6172932330827068,2.612966601178782
mm1_sojourn,0.619298245614035,2.626728110599078
mm1_sojourn,0.6213032581453634,2.6406353408338843
mm1_sojourn,0.6233082706766917,2.654690618762475
mm1_sojourn,0.62531328320802,2.668896321070234
mm1_sojourn,0.6273182957393484,2.683254875588433
mm1_sojourn,0.6293233082706766,2.6977687626774842
mm1_sojourn,0.631328320802005,2.7124405166553363
mm1_sojourn,0.6333333333333333,2.727272727272727
mm1_sojourn,0.6353383458646616,2.7422680412371134
mm1_sojourn,0.63734335839599,2.7574291637871458
mm1_sojourn,0.6393483709273182,2.772758860319666
mm1_sojourn,0.6413533834586466,2.7882599580712784
mm1_sojourn,0.6433583959899749,2.8039353478566404
mm1_sojourn,0.6453634085213033,2.8197879858657244
mm1_sojourn,0.6473684210526316,2.8358208955223883
mm1_sojourn,0.6493734335839598,2.8520371694067186
mm1_sojourn,0.6513784461152882,2.868439971243709
mm1_sojourn,0.6533834586466165,2.8850325379609543
mm1_sojourn,0.6553884711779449,2.901818181818182
mm1_sojourn,0.6573934837092732,2.918800292611558
mm1_sojourn,0.6593984962406014,2.9359823399558493
mm1_sojourn,0.6614035087719298,2.953367875647668
mm1_sojourn,0.6634085213032581,2.970960536113179
mm1_sojourn,0.6654135338345865,2.98876404494382
mm1_sojourn,0.6674185463659148,3.006782215523738
mm1_sojourn,0.669423558897243,3.0250189537528422
mm1_sojourn,0.6714285714285714,3.0434782608695645
mm1_sojourn,0.6734335839598997,3.06216423637759
mm1_sojourn,0.6754385964912281,3.081081081081081
mm1_sojourn,0.6774436090225564,3.1002331002331003
mm1_sojourn,0.6794486215538846,3.1196247068021883
mm1_sojourn,0.681453634085213,3.1392604248623126
mm1_sojourn,0.6834586466165413,3.159144893111639
mm1_sojourn,0.6854636591478697,3.1792828685258963
mm1_sojourn,0.687468671679198,3.1996792301523658
mm1_sojourn,0.6894736842105262,3.220338983050847
mm1_sojourn,0.6914786967418546,3.2412672623883014
mm1_sojourn,0.6934837092731829,3.2624693376941942
mm1_sojourn,0.6954887218045113,3.2839506172839505
mm1_sojourn,0.6974937343358396,3.3057166528583264
mm1_sojourn,0.6994987468671678,3.3277731442869047
mm1_sojourn,0.7015037593984962,3.350125944584382
mm1_sojourn,0.7035087719298245,3.372781065088757
mm1_sojourn,0.7055137844611529,3.3957446808510636
mm1_sojourn,0.7075187969924812,3.419023136246787
mm1_sojourn,0.7095238095238094,3.442622950819671
mm1_sojourn,0.7115288220551378,3.4665508253692434
mm1_sojourn,0.7135338345864661,3.4908136482939627
mm1_sojourn,0.7155388471177945,3.515418502202643
mm1_sojourn,0.7175438596491228,3.5403726708074537
mm1_sojourn,0.719548872180451,3.5656836461125994
mm1_sojourn,0.7215538847117794,3.591359135913591
mm1_sojourn,0.7235588972431077,3.6174070716228464
mm1_sojourn,0.7255639097744361,3.643835616438356
mm1_sojourn,0.7275689223057644,3.670653173873045
mm1_sojourn,0.7295739348370927,3.6978683966635764
mm1_sojourn,0.731578947368421,3.7254901960784306
mm1_sojourn,0.7335839598997493,3.7535277516462835
mm1_sojourn,0.7355889724310777,3.781990521327014
mm1_sojourn,0.737593984962406,3.810888252148997
mm1_sojourn,0.7395989974937343,3.840230991337824
mm1_sojourn,0.7416040100250626,3.8700290979631418
mm1_sojourn,0.7436090225563909,3.9002932551319645
mm1_sojourn,0.7456140350877193,3.9310344827586206
mm1_sojourn,0.7476190476190476,3.9622641509433962
mm1_sojourn,0.7496240601503759,3.9939939939939926
mm1_sojourn,0.7516290726817042,4.026236125126134
mm1_sojourn,0.7536340852130325,4.0590030518819935
mm1_sojourn,0.7556390977443609,4.092307692307692
mm1_sojourn,0.7576441102756892,4.126163391933816
mm1_sojourn,0.7596491228070175,4.160583941605838
mm1_sojourn,0.7616541353383458,4.19558359621451
mm1_sojourn,0.7636591478696741,4.231177094379639
mm1_sojourn,0.7656641604010025,4.267379679144384
mm1_sojourn,0.7676691729323308,4.3042071197411005
mm1_sojourn,0.7696741854636591,4.341675734494014
mm1_sojourn,0.7716791979949874,4.3798024149286485
mm1_sojourn,0.7736842105263158,4.41860465116279
mm1_sojourn,0.7756892230576441,4.4581005586592175
mm1_sojourn,0.7776942355889724,4.498308906426156
mm1_sojourn,0.7796992481203007,4.539249146757678
mm1_sojourn,0.781704260651629,4.580941446613087
mm1_sojourn,0.7837092731829574,4.623406720741598
mm1_sojourn,0.7857142857142857,4.666666666666666
mm1_sojourn,0.787719298245614,4.710743801652892
mm1_sojourn,0.7897243107769423,4.7556615017878405
mm1_sojourn,0.7917293233082706,4.801444043321299
mm1_sojourn,0.793734335839599,4.848116646415552
mm1_sojourn,0.7957393483709273,4.895705521472392
mm1_sojourn,0.7977443609022556,4.944237918215613
mm1_sojourn,0.7997493734335839,4.993742177722151
mm1_sojourn,0.8017543859649122,5.044247787610618
mm1_sojourn,0.8037593984962406,5.095785440613025
mm1_sojourn,0.8057644110275689,5.148387096774193
mm1_sojourn,0.8077694235588972,5.202086049543677
mm1_sojourn,0.8097744360902255,5.256916996047429
mm1_sojourn,0.8117794486215538,5.312916111850864
mm1_sojourn,0.8137844611528822,5.370121130551816
mm1_sojourn,0.8157894736842105,5.428571428571428
mm1_sojourn,0.8177944862155389,5.488308115543329
mm1_sojourn,0.8197994987468671,5.5493741307371325
mm1_sojourn,0.8218045112781954,5.611814345991559
mm1_sojourn,0.8238095238095238,5.6756756756756745
mm1_sojourn,0.8258145363408521,5.741007194244604
mm1_sojourn,0.8278195488721805,5.807860262008734
mm1_sojourn,0.8298245614035087,5.876288659793811
mm1_sojourn,0.831829573934837,5.946348733233977
mm1_sojourn,0.8338345864661654,6.01809954751131
mm1_sojourn,0.8358395989974937,6.091603053435114
mm1_sojourn,0.8378446115288221,6.16692426584235
mm1_sojourn,0.8398496240601503,6.2441314553990575
mm1_sojourn,0.8418546365914786,6.323296354992073
mm1_sojourn,0.843859649122807,6.40449438202247
mm1_sojourn,0.8458646616541353,6.48780487804878
mm1_sojourn,0.8478696741854637,6.57331136738056
mm1_sojourn,0.8498746867167919,6.6611018363939865
mm1_sojourn,0.8518796992481202,6.751269035532992
mm1_sojourn,0.8538847117794486,6.843910806174955
mm1_sojourn,0.8558897243107769,6.939130434782608
mm1_sojourn,0.8578947368421053,7.037037037037037
mm1_sojourn,0.8598997493734335,7.137745974955273
mm1_sojourn,0.8619047619047618,7.241379310344824
mm1_sojourn,0.8639097744360902,7.348066298342539
mm1_sojourn,0.8659147869674185,7.457943925233644
mm1_sojourn,0.8679197994987469,7.571157495256167
mm1_sojourn,0.8699248120300752,7.687861271676302
mm1_sojourn,0.8719298245614034,7.8082191780821875
mm1_sojourn,0.8739348370927318,7.932405566600395
mm1_sojourn,0.8759398496240601,8.060606060606059
mm1_sojourn,0.8779448621553885,8.193018480492814
mm1_sojourn,0.8799498746867168,8.329853862212945
mm1_sojourn,0.881954887218045,8.47133757961783
mm1_sojourn,0.8839598997493734,8.617710583153345
mm1_sojourn,0.8859649122807017,8.769230769230768
mm1_sojourn,0.8879699248120301,8.926174496644295
mm1_sojourn,0.8899749373433584,9.088838268792713
mm1_sojourn,0.8919799498746867,9.257540603248254
mm1_sojourn,0.893984962406015,9.432624113475173
mm1_sojourn,0.8959899749373433,9.6144578313253
mm1_sojourn,0.8979949874686717,9.803439803439803
mm1_sojourn,0.9,10.000000000000002
raised_floor_gauss,0.0,2.0739208802178717
raised_floor_gauss,0.01574733159694132,2.0541817954049195
raised_floor_gauss,0.03149466319388264,2.034541901972936
raised_floor_gauss,0.04724199479082396,2.015001199921923
raised_floor_gauss,0.06298932638776528,1.9955596892518792
raised_floor_gauss,0.0787366579847066,1.9762173699628056
raised_floor_gauss,0.09448398958164791,1.9569742420547007
raised_floor_gauss,0.11023132117858923,1.937830305527566
raised_floor_gauss,0.12597865277553055,1.918785560381401
raised_floor_gauss,0.14172598437247186,1.8998400066162053
raised_floor_gauss,0.1574733159694132,1.880993644231979
raised_floor_gauss,0.17322064756635452,1.862246473228723
raised_floor_gauss,0.18896797916329583,1.8435984936064362
raised_floor_gauss,0.20471531076023713,1.8250497053651187
raised_floor_gauss,0.22046264235717847,1.8066001085047712
raised_floor_gauss,0.2362099739541198,1.7882497030253934
raised_floor_gauss,0.2519573055510611,1.769998488926985
raised_floor_gauss,0.2677046371480024,1.7518464662095463
raised_floor_gauss,0.2834519687449437,1.733793634873077
raised_floor_gauss,0.2991993003418851,1.715839994917578
raised_floor_gauss,0.3149466319388264,1.6979855463430475
raised_floor_gauss,0.3306939635357677,1.6802302891494874
raised_floor_gauss,0.34644129513270905,1.6625742233368968
raised_floor_gauss,0.36218862672965035,1.645017348905276
raised_floor_gauss,0.37793595832659166,1.627559665854624
raised_floor_gauss,0.39368328992353296,1.6102011741849425
raised_floor_gauss,0.40943062152047427,1.5929418738962302
raised_floor_gauss,0.42517795311741563,1.5757817649884873
raised_floor_gauss,0.44092528471435694,1.5587208474617145
raised_floor_gauss,0.45667261631129824,1.5417591213159112
raised_floor_gauss,0.4724199479082396,1.5248965865510775
raised_floor_gauss,0.4881672795051809,1.508133243167213
raised_floor_gauss,0.5039146111021222,1.4914690911643185
raised_floor_gauss,0.5196619426990635,1.4749041305423938
raised_floor_gauss,0.5354092742960048,1.458438361301438
raised_floor_gauss,0.5511566058929461,1.4420717834414523
raised_floor_gauss,0.5669039374898874,1.4258043969624363
raised_floor_gauss,0.5826512690868288,1.40963620186439
raised_floor_gauss,0.5983986006837702,1.3935671981473126
raised_floor_gauss,0.6141459322807115,1.3775973858112054
raised_floor_gauss,0.6298932638776528,1.3617267648560678
raised_floor_gauss,0.6456405954745941,1.3459553352818996
raised_floor_gauss,0.6613879270715354,1.3302830970887012
raised_floor_gauss,0.6771352586684767,1.3147100502764724
raised_floor_gauss,0.6928825902654181,1.2992361948452134
raised_floor_gauss,0.7086299218623594,1.2838615307949233
raised_floor_gauss,0.7243772534593007,1.2685860581256034
raised_floor_gauss,0.740124585056242,1.253409776837253
raised_floor_gauss,0.7558719166531833,1.238332686929872
raised_floor_gauss,0.7716192482501246,1.223354788403461
raised_floor_gauss,0.7873665798470659,1.2084760812580193
raised_floor_gauss,0.8031139114440072,1.1936965654935476
raised_floor_gauss,0.8188612430409485,1.1790162411100453
raised_floor_gauss,0.83460857463789,1.1644351081075124
raised_floor_gauss,0.8503559062348313,1.1499531664859493
raised_floor_gauss,0.8661032378317726,1.1355704162453555
raised_floor_gauss,0.8818505694287139,1.1212868573857318
raised_floor_gauss,0.8975979010256552,1.1071024899070774
raised_floor_gauss,0.9133452326225965,1.0930173138093928
raised_floor_gauss,0.9290925642195378,1.0790313290926778
raised_floor_gauss,0.9448398958164792,1.0651445357569322
raised_floor_gauss,0.9605872274134205,1.0513569338021564
raised_floor_gauss,0.9763345590103618,1.0376685232283498
raised_floor_gauss,0.9920818906073031,1.0240793040355132
raised_floor_gauss,1.0078292222042444,1.0105892762236464
raised_floor_gauss,1.0235765538011858,0.9971984397927489
raised_floor_gauss,1.039323885398127,0.9839067947428213
raised_floor_gauss,1.0550712169950685,0.9707143410738628
raised_floor_gauss,1.0708185485920096,0.9576210787858742
raised_floor_gauss,1.086565880188951,0.9446270078788549
raised_floor_gauss,1.1023132117858923,0.9317321283528058
raised_floor_gauss,1.1180605433828337,0.918936440207726
raised_floor_gauss,1.1338078749797749,0.9062399434436159
raised_floor_gauss,1.1495552065767163,0.8936426380604754
raised_floor_gauss,1.1653025381736577,0.8811445240583045
raised_floor_gauss,1.181049869770599,0.8687456014371032
raised_floor_gauss,1.1967972013675403,0.8564458701968714
raised_floor_gauss,1.2125445329644815,0.8442453303376094
raised_floor_gauss,1.228291864561423,0.8321439818593168
raised_floor_gauss,1.2440391961583641,0.820141824761994
raised_floor_gauss,1.2597865277553055,0.8082388590456406
raised_floor_gauss,1.275533859352247,0.7964350847102569
raised_floor_gauss,1.2912811909491881,0.784730501755843
raised_floor_gauss,1.3070285225461296,0.7731251101823985
raised_floor_gauss,1.3227758541430708,0.7616189099899238
raised_floor_gauss,1.3385231857400122,0.7502119011784185
raised_floor_gauss,1.3542705173369534,0.738904083747883
raised_floor_gauss,1.3700178489338948,0.7276954576983169
raised_floor_gauss,1.3857651805308362,0.7165860230297204
raised_floor_gauss,1.4015125121277774,0.7055757797420937
raised_floor_gauss,1.4172598437247188,0.6946647278354365
raised_floor_gauss,1.43300717532166,0.683852867309749
raised_floor_gauss,1.4487545069186014,0.673140198165031
raised_floor_gauss,1.4645018385155426,0.6625267204012828
raised_floor_gauss,1.480249170112484,0.6520124340185041
raised_floor_gauss,1.4959965017094252,0.6415973390166949
raised_floor_gauss,1.5117438333063666,0.6312814353958555
raised_floor_gauss,1.527491164903308,0.6210647231559855
raised_floor_gauss,1.5432384965002492,0.6109472022970852
raised_floor_gauss,1.5589858280971907,0.6009288728191545
raised_floor_gauss,1.5747331596941319,0.5910097347221935
raised_floor_gauss,1.5904804912910733,0.5811897880062021
raised_floor_gauss,1.6062278228880145,0.5714690326711803
raised_floor_gauss,1.6219751544849559,0.561847468717128
raised_floor_gauss,1.637722486081897,0.5523250961440455
raised_floor_gauss,1.6534698176788385,0.5429019149519324
raised_floor_gauss,1.66921714927578,0.533577925140789
raised_floor_gauss,1.684964480872721,0.5243531267106153
raised_floor_gauss,1.7007118124696625,0.515227519661411
raised_floor_gauss,1.7164591440666037,0.5062011039931765
raised_floor_gauss,1.7322064756635451,0.4972738797059115
raised_floor_gauss,1.7479538072604863,0.4884458467996162
raised_floor_gauss,1.7637011388574277,0.4797170052742905
raised_floor_gauss,1.7794484704543692,0.47108735512993427
raised_floor_gauss,1.7951958020513104,0.46255689636654784
raised_floor_gauss,1.8109431336482518,0.4541256289841309
raised_floor_gauss,1.826690465245193,0.44579355298268364
raised_floor_gauss,1.8424377968421344,0.437560668362206
raised_floor_gauss,1.8581851284390756,0.4294269751226979
raised_floor_gauss,1.873932460036017,0.4213924732641595
raised_floor_gauss,1.8896797916329584,0.4134571627865905
raised_floor_gauss,1.9054271232298996,0.4056210436899914
raised_floor_gauss,1.921174454826841,0.3978841159743617
raised_floor_gauss,1.9369217864237822,0.39024637963970177
raised_floor_gauss,1.9526691180207236,0.38270783468601133
raised_floor_gauss,1.9684164496176648,0.3752684811132906
raised_floor_gauss,1.9841637812146062,0.3679283189215393
raised_floor_gauss,1.9999111128115474,0.36068734811075787
raised_floor_gauss,2.015658444408489,0.3535455686809458
raised_floor_gauss,2.03140577600543,0.3465029806321035
raised_floor_gauss,2.0471531076023717,0.3395595839642307
raised_floor_gauss,2.062900439199313,0.3327153786773276
raised_floor_gauss,2.078647770796254,0.32597036477139407
raised_floor_gauss,2.0943951023931953,0.31932454224643025
raised_floor_gauss,2.110142433990137,0.3127779111024358
raised_floor_gauss,2.125889765587078,0.30633047133941116
raised_floor_gauss,2.1416370971840193,0.29998222295735616
raised_floor_gauss,2.157384428780961,0.2937331659562705
raised_floor_gauss,2.173131760377902,0.28758330033615476
raised_floor_gauss,2.1888790919748433,0.2815326260970086
raised_floor_gauss,2.2046264235717845,0.275581143238832
raised_floor_gauss,2.220373755168726,0.26972885176162487
raised_floor_gauss,2.2361210867656673,0.26397575166538745
raised_floor_gauss,2.2518684183626085,0.25832184295011973
raised_floor_gauss,2.2676157499595497,0.2527671256158216
raised_floor_gauss,2.2833630815564914,0.24731159966249286
raised_floor_gauss,2.2991104131534326,0.24195526509013393
raised_floor_gauss,2.3148577447503738,0.23669812189874462
raised_floor_gauss,2.3306050763473154,0.23154017008832475
raised_floor_gauss,2.3463524079442566,0.22648140965887464
raised_floor_gauss,2.362099739541198,0.22152184061039418
raised_floor_gauss,2.377847071138139,0.2166614629428833
raised_floor_gauss,2.3935944027350806,0.2119002766563419
raised_floor_gauss,2.409341734332022,0.20723828175077022
raised_floor_gauss,2.425089065928963,0.2026754782261682
raised_floor_gauss,2.4408363975259046,0.1982118660825356
raised_floor_gauss,2.456583729122846,0.1938474453198728
raised_floor_gauss,2.472331060719787,0.18958221593817956
raised_floor_gauss,2.4880783923167282,0.18541617793745596
raised_floor_gauss,2.50382572391367,0.18134933131770184
raised_floor_gauss,2.519573055510611,0.17738167607891744
raised_floor_gauss,2.5353203871075523,0.17351321222110266
raised_floor_gauss,2.551067718704494,0.1697439397442574
raised_floor_gauss,2.566815050301435,0.1660738586483818
raised_floor_gauss,2.5825623818983763,0.16250296893347588
raised_floor_gauss,2.5983097134953175,0.15903127059953953
raised_floor_gauss,2.614057045092259,0.15565876364657272
raised_floor_gauss,2.6298043766892003,0.15238544807457557
raised_floor_gauss,2.6455517082861415,0.14921132388354807
raised_floor_gauss,2.661299039883083,0.14613639107349008
raised_floor_gauss,2.6770463714800243,0.14316064964440178
raised_floor_gauss,2.6927937030769655,0.1402840995962831
raised_floor_gauss,2.7085410346739067,0.13750674092913404
raised_floor_gauss,2.7242883662708484,0.13482857364295447
raised_floor_gauss,2.7400356978677896,0.13224959773774464
raised_floor_gauss,2.7557830294647307,0.1297698132135044
raised_floor_gauss,2.7715303610616724,0.12738922007023368
raised_floor_gauss,2.7872776926586136,0.12510781830793266
raised_floor_gauss,2.8030250242555548,0.12292560792660125
raised_floor_gauss,2.818772355852496,0.12084258892623945
raised_floor_gauss,2.8345196874494376,0.1188587613068472
raised_floor_gauss,2.850267019046379,0.11697412506842461
raised_floor_gauss,2.86601435064332,0.11518868021097163
raised_floor_gauss,2.881761682240261,0.11350242673448827
raised_floor_gauss,2.897509013837203,0.11191536463897446
raised_floor_gauss,2.913256345434144,0.11042749392443031
raised_floor_gauss,2.929003677031085,0.10903881459085578
raised_floor_gauss,2.944751008628027,0.10774932663825082
raised_floor_gauss,2.960498340224968,0.10655903006661549
raised_floor_gauss,2.9762456718219092,0.10546792487594979
raised_floor_gauss,2.9919930034188504,0.10447601106625369
raised_floor_gauss,3.007740335015792,0.10358328863752718
raised_floor_gauss,3.0234876666127333,0.1027897575897703
raised_floor_gauss,3.0392349982096745,0.10209541792298303
raised_floor_gauss,3.054982329806616,0.10150026963716535
raised_floor_gauss,3.0707296614035573,0.1010043127323173
raised_floor_gauss,3.0864769930004985,0.10060754720843887
raised_floor_gauss,3.1022243245974397,0.10030997306553004
raised_floor_gauss,3.1179716561943813,0.10011159030359082
raised_floor_gauss,3.1337189877913225,0.1000123989226212
raised_floor_gauss,3.1494663193882637,0.1000123989226212
raised_floor_gauss,3.1652136509852054,0.10011159030359082
raised_floor_gauss,3.1809609825821465,0.10030997306553004
raised_floor_gauss,3.1967083141790877,0.10060754720843887
raised_floor_gauss,3.212455645776029,0.1010043127323173
raised_floor_gauss,3.2282029773729706,0.10150026963716537
raised_floor_gauss,3.2439503089699118,0.10209541792298303
raised_floor_gauss,3.259697640566853,0.1027897575897703
raised_floor_gauss,3.275444972163794,0.10358328863752718
raised_floor_gauss,3.291192303760736,0.10447601106625369
raised_floor_gauss,3.306939635357677,0.10546792487594979
raised_floor_gauss,3.322686966954618,0.10655903006661549
raised_floor_gauss,3.33843429855156,0.10774932663825085
raised_floor_gauss,3.354181630148501,0.10903881459085578
raised_floor_gauss,3.369928961745442,0.11042749392443031
raised_floor_gauss,3.3856762933423834,0.11191536463897446
raised_floor_gauss,3.401423624939325,0.11350242673448827
raised_floor_gauss,3.4171709565362662,0.11518868021097163
raised_floor_gauss,3.4329182881332074,0.11697412506842461
raised_floor_gauss,3.448665619730149,0.11885876130684725
raised_floor_gauss,3.4644129513270903,0.12084258892623945
raised_floor_gauss,3.4801602829240315,0.12292560792660125
raised_floor_gauss,3.4959076145209727,0.12510781830793266
raised_floor_gauss,3.5116549461179143,0.12738922007023376
raised_floor_gauss,3.5274022777148555,0.1297698132135044
raised_floor_gauss,3.5431496093117967,0.13224959773774464
raised_floor_gauss,3.5588969409087383,0.13482857364295456
raised_floor_gauss,3.5746442725056795,0.13750674092913404
raised_floor_gauss,3.5903916041026207,0.1402840995962831
raised_floor_gauss,3.606138935699562,0.14316064964440178
raised_floor_gauss,3.6218862672965035,0.14613639107349016
raised_floor_gauss,3.6376335988934447,0.14921132388354807
raised_floor_gauss,3.653380930490386,0.15238544807457557
raised_floor_gauss,3.6691282620873276,0.1556587636465728
raised_floor_gauss,3.6848755936842688,0.15903127059953953
raised_floor_gauss,3.70062292528121,0.16250296893347588
raised_floor_gauss,3.716370256878151,0.1660738586483818
raised_floor_gauss,3.732117588475093,0.1697439397442575
raised_floor_gauss,3.747864920072034,0.17351321222110266
raised_floor_gauss,3.763612251668975,0.17738167607891744
raised_floor_gauss,3.779359583265917,0.18134933131770195
raised_floor_gauss,3.795106914862858,0.18541617793745596
raised_floor_gauss,3.810854246459799,0.18958221593817956
raised_floor_gauss,3.8266015780567404,0.1938474453198728
raised_floor_gauss,3.842348909653682,0.19821186608253574
raised_floor_gauss,3.8580962412506232,0.2026754782261682
raised_floor_gauss,3.8738435728475644,0.20723828175077022
raised_floor_gauss,3.8895909044445056,0.2119002766563419
raised_floor_gauss,3.9053382360414473,0.2166614629428833
raised_floor_gauss,3.9210855676383884,0.22152184061039418
raised_floor_gauss,3.9368328992353296,0.22648140965887464
raised_floor_gauss,3.9525802308322713,0.23154017008832492
raised_floor_gauss,3.9683275624292125,0.23669812189874462
raised_floor_gauss,3.9840748940261537,0.24195526509013393
raised_floor_gauss,3.999822225623095,0.24731159966249286
raised_floor_gauss,4.0155695572200365,0.2527671256158216
raised_floor_gauss,4.031316888816978,0.25832184295011973
raised_floor_gauss,4.047064220413919,0.26397575166538745
raised_floor_gauss,4.06281155201086,0.26972885176162487
raised_floor_gauss,4.078558883607801,0.2755811432388318
raised_floor_gauss,4.094306215204743,0.2815326260970087
raised_floor_gauss,4.1100535468016846,0.2875833003361549
raised_floor_gauss,4.125800878398626,0.29373316595627075
raised_floor_gauss,4.141548209995567,0.29998222295735616
raised_floor_gauss,4.157295541592508,0.30633047133941116
raised_floor_gauss,4.173042873189449,0.3127779111024358
raised_floor_gauss,4.1887902047863905,0.31932454224643003
raised_floor_gauss,4.204537536383333,0.3259703647713943
raised_floor_gauss,4.220284867980274,0.3327153786773278
raised_floor_gauss,4.236032199577215,0.3395595839642308
raised_floor_gauss,4.251779531174156,0.3465029806321035
raised_floor_gauss,4.267526862771097,0.3535455686809458
raised_floor_gauss,4.283274194368039,0.36068734811075776
raised_floor_gauss,4.29902152596498,0.3679283189215392
raised_floor_gauss,4.314768857561922,0.3752684811132908
raised_floor_gauss,4.330516189158863,0.38270783468601155
raised_floor_gauss,4.346263520755804,0.3902463796397019
raised_floor_gauss,4.362010852352745,0.3978841159743618
raised_floor_gauss,4.377758183949687,0.4056210436899914
raised_floor_gauss,4.393505515546628,0.4134571627865905
raised_floor_gauss,4.409252847143569,0.4213924732641593
raised_floor_gauss,4.425000178740511,0.42942697512269823
raised_floor_gauss,4.440747510337452,0.4375606683622062
raised_floor_gauss,4.4564948419343935,0.44579355298268386
raised_floor_gauss,4.472242173531335,0.454125628984131
raised_floor_gauss,4.487989505128276,0.46255689636654784
raised_floor_gauss,4.503736836725217,0.47108735512993427
raised_floor_gauss,4.519484168322158,0.4797170052742904
raised_floor_gauss,4.5352314999190995,0.488445846799616
raised_floor_gauss,4.5509788315160415,0.49727387970591175
raised_floor_gauss,4.566726163112983,0.5062011039931766
raised_floor_gauss,4.582473494709924,0.5152275196614111
raised_floor_gauss,4.598220826306865,0.5243531267106153
raised_floor_gauss,4.613968157903806,0.533577925140789
raised_floor_gauss,4.6297154895007475,0.5429019149519323
raised_floor_gauss,4.645462821097689,0.5523250961440452
raised_floor_gauss,4.661210152694631,0.5618474687171283
raised_floor_gauss,4.676957484291572,0.5714690326711804
raised_floor_gauss,4.692704815888513,0.5811897880062021
raised_floor_gauss,4.708452147485454,0.5910097347221935
raised_floor_gauss,4.724199479082396,0.6009288728191545
raised_floor_gauss,4.739946810679337,0.6109472022970851
raised_floor_gauss,4.755694142276278,0.6210647231559853
raised_floor_gauss,4.77144147387322,0.6312814353958557
raised_floor_gauss,4.787188805470161,0.6415973390166951
raised_floor_gauss,4.802936137067102,0.6520124340185041
raised_floor_gauss,4.818683468664044,0.6625267204012828
raised_floor_gauss,4.834430800260985,0.673140198165031
raised_floor_gauss,4.850178131857926,0.6838528673097489
raised_floor_gauss,4.865925463454867,0.6946647278354363
raised_floor_gauss,4.881672795051809,0.7055757797420941
raised_floor_gauss,4.8974201266487505,0.7165860230297207
raised_floor_gauss,4.913167458245692,0.7276954576983171
raised_floor_gauss,4.928914789842633,0.738904083747883
raised_floor_gauss,4.944662121439574,0.7502119011784185
raised_floor_gauss,4.960409453036515,0.7616189099899237
raised_floor_gauss,4.9761567846334565,0.7731251101823984
raised_floor_gauss,4.9919041162303985,0.7847305017558434
raised_floor_gauss,5.00765144782734,0.7964350847102573
raised_floor_gauss,5.023398779424281,0.8082388590456409
raised_floor_gauss,5.039146111021222,0.820141824761994
raised_floor_gauss,5.054893442618163,0.8321439818593168
raised_floor_gauss,5.0706407742151045,0.8442453303376092
raised_floor_gauss,5.086388105812046,0.8564458701968712
raised_floor_gauss,5.102135437408988,0.8687456014371036
raised_floor_gauss,5.117882769005929,0.8811445240583047
raised_floor_gauss,5.13363010060287,0.8936426380604756
raised_floor_gauss,5.149377432199811,0.9062399434436159
raised_floor_gauss,5.165124763796753,0.918936440207726
raised_floor_gauss,5.180872095393694,0.9317321283528058
raised_floor_gauss,5.196619426990635,0.9446270078788549
raised_floor_gauss,5.212366758587577,0.9576210787858747
raised_floor_gauss,5.228114090184518,0.9707143410738631
raised_floor_gauss,5.243861421781459,0.9839067947428213
raised_floor_gauss,5.259608753378401,0.9971984397927489
raised_floor_gauss,5.275356084975342,1.0105892762236464
raised_floor_gauss,5.291103416572283,1.0240793040355132
raised_floor_gauss,5.306850748169224,1.0376685232283498
raised_floor_gauss,5.322598079766166,1.0513569338021567
raised_floor_gauss,5.3383454113631075,1.0651445357569325
raised_floor_gauss,5.354092742960049,1.0790313290926778
raised_floor_gauss,5.36984007455699,1.0930173138093928
raised_floor_gauss,5.385587406153931,1.1071024899070774
raised_floor_gauss,5.401334737750872,1.1212868573857318
raised_floor_gauss,5.4170820693478134,1.1355704162453555
raised_floor_gauss,5.4328294009447555,1.1499531664859497
raised_floor_gauss,5.448576732541697,1.1644351081075126
raised_floor_gauss,5.464324064138638,1.1790162411100453
raised_floor_gauss,5.480071395735579,1.1936965654935476
raised_floor_gauss,5.49581872733252,1.2084760812580193
raised_floor_gauss,5.5115660589294615,1.223354788403461
raised_floor_gauss,5.527313390526403,1.238332686929872
raised_floor_gauss,5.543060722123345,1.2534097768372536
raised_floor_gauss,5.558808053720286,1.2685860581256039
raised_floor_gauss,5.574555385317227,1.2838615307949237
raised_floor_gauss,5.590302716914168,1.2992361948452134
raised_floor_gauss,5.6060500485111096,1.3147100502764724
raised_floor_gauss,5.621797380108051,1.3302830970887012
raised_floor_gauss,5.637544711704992,1.3459553352818996
raised_floor_gauss,5.653292043301933,1.3617267648560676
raised_floor_gauss,5.669039374898875,1.377597385811206
raised_floor_gauss,5.684786706495816,1.3935671981473132
raised_floor_gauss,5.700534038092758,1.40963620186439
raised_floor_gauss,5.716281369689699,1.4258043969624363
raised_floor_gauss,5.73202870128664,1.4420717834414523
raised_floor_gauss,5.747776032883581,1.458438361301438
raised_floor_gauss,5.763523364480522,1.474904130542393
raised_floor_gauss,5.7792706960774645,1.491469091164319
raised_floor_gauss,5.795018027674406,1.5081332431672134
raised_floor_gauss,5.810765359271347,1.5248965865510775
raised_floor_gauss,5.826512690868288,1.5417591213159112
raised_floor_gauss,5.842260022465229,1.5587208474617145
raised_floor_gauss,5.85800735406217,1.5757817649884873
raised_floor_gauss,5.873754685659112,1.5929418738962298
raised_floor_gauss,5.889502017256054,1.610201174184943
raised_floor_gauss,5.905249348852995,1.6275596658546245
raised_floor_gauss,5.920996680449936,1.645017348905276
raised_floor_gauss,5.936744012046877,1.6625742233368968
raised_floor_gauss,5.9524913436438185,1.6802302891494874
raised_floor_gauss,5.96823867524076,1.6979855463430475
raised_floor_gauss,5.983986006837701,1.715839994917577
raised_floor_gauss,5.999733338434643,1.7337936348730776
raised_floor_gauss,6.015480670031584,1.7518464662095465
raised_floor_gauss,6.031228001628525,1.769998488926985
raised_floor_gauss,6.0469753332254665,1.7882497030253934
raised_floor_gauss,6.062722664822408,1.8066001085047712
raised_floor_gauss,6.078469996419349,1.8250497053651187
raised_floor_gauss,6.09421732801629,1.8435984936064356
raised_floor_gauss,6.109964659613232,1.8622464732287232
raised_floor_gauss,6.125711991210173,1.8809936442319797
raised_floor_gauss,6.141459322807115,1.8998400066162053
raised_floor_gauss,6.157206654404056,1.918785560381401
raised_floor_gauss,6.172953986000997,1.937830305527566
raised_floor_gauss,6.188701317597938,1.9569742420547007
raised_floor_gauss,6.204448649194879,1.976217369962805
raised_floor_gauss,6.2201959807918215,1.99555968925188
raised_floor_gauss,6.235943312388763,2.0150011999219237
raised_floor_gauss,6.251690643985704,2.0345419019729367
raised_floor_gauss,6.267437975582645,2.0541817954049195
raised_floor_gauss,6.283185307179586,2.0739208802178717
raised_floor_t3,0.0,2.0739208802178717
raised_floor_t3,0.01574733159694132,2.0541817954049195
raised_floor_t3,0.03149466319388264,2.034541901972936
raised_floor_t3,0.04724199479082396,2.015001199921923
raised_floor_t3,0.06298932638776528,1.9955596892518792
raised_floor_t3,0.0787366579847066,1.9762173699628056
raised_floor_t3,0.09448398958164791,1.9569742420547007
raised_floor_t3,0.11023132117858923,1.937830305527566
raised_floor_t3,0.12597865277553055,1.918785560381401
raised_floor_t3,0.14172598437247186,1.8998400066162053
raised_floor_t3,0.1574733159694132,1.880993644231979
raised_floor_t3,0.17322064756635452,1.862246473228723
raised_floor_t3,0.18896797916329583,1.8435984936064362
raised_floor_t3,0.20471531076023713,1.8250497053651187
raised_floor_t3,0.22046264235717847,1.8066001085047712
raised_floor_t3,0.2362099739541198,1.7882497030253934
raised_floor_t3,0.2519573055510611,1.769998488926985
raised_floor_t3,0.2677046371480024,1.7518464662095463
raised_floor_t3,0.2834519687449437,1.733793634873077
raised_floor_t3,0.2991993003418851,1.715839994917578
raised_floor_t3,0.3149466319388264,1.6979855463430475
raised_floor_t3,0.3306939635357677,1.6802302891494874
raised_floor_t3,0.34644129513270905,1.6625742233368968
raised_floor_t3,0.36218862672965035,1.645017348905276
raised_floor_t3,0.37793595832659166,1.627559665854624
raised_floor_t3,0.39368328992353296,1.6102011741849425
raised_floor_t3,0.40943062152047427,1.5929418738962302
raised_floor_t3,0.42517795311741563,1.5757817649884873
raised_floor_t3,0.44092528471435694,1.5587208474617145
raised_floor_t3,0.45667261631129824,1.5417591213159112
raised_floor_t3,0.4724199479082396,1.5248965865510775
raised_floor_t3,0.4881672795051809,1.508133243167213
raised_floor_t3,0.5039146111021222,1.4914690911643185
raised_floor_t3,0.5196619426990635,1.4749041305423938
raised_floor_t3,0.5354092742960048,1.458438361301438
raised_floor_t3,0.5511566058929461,1.4420717834414523
raised_floor_t3,0.5669039374898874,1.4258043969624363
raised_floor_t3,0.5826512690868288,1.40963620186439
raised_floor_t3,0.5983986006837702,1.3935671981473126
raised_floor_t3,0.6141459322807115,1.3775973858112054
raised_floor_t3,0.6298932638776528,1.3617267648560678
raised_floor_t3,0.6456405954745941,1.3459553352818996
raised_floor_t3,0.6613879270715354,1.3302830970887012
raised_floor_t3,0.6771352586684767,1.3147100502764724
raised_floor_t3,0.6928825902654181,1.2992361948452134
raised_floor_t3,0.7086299218623594,1.2838615307949233
raised_floor_t3,0.7243772534593007,1.2685860581256034
raised_floor_t3,0.740124585056242,1.253409776837253
raised_floor_t3,0.7558719166531833,1.238332686929872
raised_floor_t3,0.7716192482501246,1.223354788403461
raised_floor_t3,0.7873665798470659,1.2084760812580193
raised_floor_t3,0.8031139114440072,1.1936965654935476
raised_floor_t3,0.8188612430409485,1.1790162411100453
raised_floor_t3,0.83460857463789,1.1644351081075124
raised_floor_t3,0.8503559062348313,1.1499531664859493
raised_floor_t3,0.8661032378317726,1.1355704162453555
raised_floor_t3,0.8818505694287139,1.1212868573857318
raised_floor_t3,0.8975979010256552,1.1071024899070774
raised_floor_t3,0.9133452326225965,1.0930173138093928
raised_floor_t3,0.9290925642195378,1.0790313290926778
raised_floor_t3,0.9448398958164792,1.0651445357569322
raised_floor_t3,0.9605872274134205,1.0513569338021564
raised_floor_t3,0.9763345590103618,1.0376685232283498
raised_floor_t3,0.9920818906073031,1.0240793040355132
raised_floor_t3,1.0078292222042444,1.0105892762236464
raised_floor_t3,1.0235765538011858,0.9971984397927489
raised_floor_t3,1.039323885398127,0.9839067947428213
raised_floor_t3,1.0550712169950685,0.9707143410738628
raised_floor_t3,1.0708185485920096,0.9576210787858742
raised_floor_t3,1.086565880188951,0.9446270078788549
raised_floor_t3,1.1023132117858923,0.9317321283528058
raised_floor_t3,1.1180605433828337,0.918936440207726
raised_floor_t3,1.1338078749797749,0.9062399434436159
raised_floor_t3,1.1495552065767163,0.8936426380604754
raised_floor_t3,1.1653025381736577,0.8811445240583045
raised_floor_t3,1.181049869770599,0.8687456014371032
raised_floor_t3,1.1967972013675403,0.8564458701968714
raised_floor_t3,1.2125445329644815,0.8442453303376094
raised_floor_t3,1.228291864561423,0.8321439818593168
raised_floor_t3,1.2440391961583641,0.820141824761994
raised_floor_t3,1.2597865277553055,0.8082388590456406
raised_floor_t3,1.275533859352247,0.7964350847102569
raised_floor_t3,1.2912811909491881,0.784730501755843
raised_floor_t3,1.3070285225461296,0.7731251101823985
raised_floor_t3,1.3227758541430708,0.7616189099899238
raised_floor_t3,1.3385231857400122,0.7502119011784185
raised_floor_t3,1.3542705173369534,0.738904083747883
raised_floor_t3,1.3700178489338948,0.7276954576983169
raised_floor_t3,1.3857651805308362,0.7165860230297204
raised_floor_t3,1.4015125121277774,0.7055757797420937
raised_floor_t3,1.4172598437247188,0.6946647278354365
raised_floor_t3,1.43300717532166,0.683852867309749
raised_floor_t3,1.4487545069186014,0.673140198165031
raised_floor_t3,1.4645018385155426,0.6625267204012828
raised_floor_t3,1.480249170112484,0.6520124340185041
raised_floor_t3,1.4959965017094252,0.6415973390166949
raised_floor_t3,1.5117438333063666,0.6312814353958555
raised_floor_t3,1.527491164903308,0.6210647231559855
raised_floor_t3,1.5432384965002492,0.6109472022970852
raised_floor_t3,1.5589858280971907,0.6009288728191545
raised_floor_t3,1.5747331596941319,0.5910097347221935
raised_floor_t3,1.5904804912910733,0.5811897880062021
raised_floor_t3,1.6062278228880145,0.5714690326711803
raised_floor_t3,1.6219751544849559,0.561847468717128
raised_floor_t3,1.637722486081897,0.5523250961440455
raised_floor_t3,1.6534698176788385,0.5429019149519324
raised_floor_t3,1.66921714927578,0.533577925140789
raised_floor_t3,1.684964480872721,0.5243531267106153
raised_floor_t3,1.7007118124696625,0.515227519661411
raised_floor_t3,1.7164591440666037,0.5062011039931765
raised_floor_t3,1.7322064756635451,0.4972738797059115
raised_floor_t3,1.7479538072604863,0.4884458467996162
raised_floor_t3,1.7637011388574277,0.4797170052742905
raised_floor_t3,1.7794484704543692,0.47108735512993427
raised_floor_t3,1.7951958020513104,0.46255689636654784
raised_floor_t3,1.8109431336482518,0.4541256289841309
raised_floor_t3,1.826690465245193,0.44579355298268364
raised_floor_t3,1.8424377968421344,0.437560668362206
raised_floor_t3,1.8581851284390756,0.4294269751226979
raised_floor_t3,1.873932460036017,0.4213924732641595
raised_floor_t3,1.8896797916329584,0.4134571627865905
raised_floor_t3,1.9054271232298996,0.4056210436899914
raised_floor_t3,1.921174454826841,0.3978841159743617
raised_floor_t3,1.9369217864237822,0.39024637963970177
raised_floor_t3,1.9526691180207236,0.38270783468601133
raised_floor_t3,1.9684164496176648,0.3752684811132906
raised_floor_t3,1.9841637812146062,0.3679283189215393
raised_floor_t3,1.9999111128115474,0.36068734811075787
raised_floor_t3,2.015658444408489,0.3535455686809458
raised_floor_t3,2.03140577600543,0.3465029806321035
raised_floor_t3,2.0471531076023717,0.3395595839642307
raised_floor_t3,2.062900439199313,0.3327153786773276
raised_floor_t3,2.078647770796254,0.32597036477139407
raised_floor_t3,2.0943951023931953,0.31932454224643025
raised_floor_t3,2.110142433990137,0.3127779111024358
raised_floor_t3,2.125889765587078,0.30633047133941116
raised_floor_t3,2.1416370971840193,0.29998222295735616
raised_floor_t3,2.157384428780961,0.2937331659562705
raised_floor_t3,2.173131760377902,0.28758330033615476
raised_floor_t3,2.1888790919748433,0.2815326260970086
raised_floor_t3,2.2046264235717845,0.275581143238832
raised_floor_t3,2.220373755168726,0.26972885176162487
raised_floor_t3,2.2361210867656673,0.26397575166538745
raised_floor_t3,2.2518684183626085,0.25832184295011973
raised_floor_t3,2.2676157499595497,0.2527671256158216
raised_floor_t3,2.2833630815564914,0.24731159966249286
raised_floor_t3,2.2991104131534326,0.24195526509013393
raised_floor_t3,2.3148577447503738,0.23669812189874462
raised_floor_t3,2.3306050763473154,0.23154017008832475
raised_floor_t3,2.3463524079442566,0.22648140965887464
raised_floor_t3,2.362099739541198,0.22152184061039418
raised_floor_t3,2.377847071138139,0.2166614629428833
raised_floor_t3,2.3935944027350806,0.2119002766563419
raised_floor_t3,2.409341734332022,0.20723828175077022
raised_floor_t3,2.425089065928963,0.2026754782261682
raised_floor_t3,2.4408363975259046,0.1982118660825356
raised_floor_t3,2.456583729122846,0.1938474453198728
raised_floor_t3,2.472331060719787,0.18958221593817956
raised_floor_t3,2.4880783923167282,0.18541617793745596
raised_floor_t3,2.50382572391367,0.18134933131770184
raised_floor_t3,2.519573055510611,0.17738167607891744
raised_floor_t3,2.5353203871075523,0.17351321222110266
raised_floor_t3,2.551067718704494,0.1697439397442574
raised_floor_t3,2.566815050301435,0.1660738586483818
raised_floor_t3,2.5825623818983763,0.16250296893347588
raised_floor_t3,2.5983097134953175,0.15903127059953953
raised_floor_t3,2.614057045092259,0.15565876364657272
raised_floor_t3,2.6298043766892003,0.15238544807457557
raised_floor_t3,2.6455517082861415,0.14921132388354807
raised_floor_t3,2.661299039883083,0.14613639107349008
raised_floor_t3,2.6770463714800243,0.14316064964440178
raised_floor_t3,2.6927937030769655,0.1402840995962831
raised_floor_t3,2.7085410346739067,0.13750674092913404
raised_floor_t3,2.7242883662708484,0.13482857364295447
raised_floor_t3,2.7400356978677896,0.13224959773774464
raised_floor_t3,2.7557830294647307,0.1297698132135044
raised_floor_t3,2.7715303610616724,0.12738922007023368
raised_floor_t3,2.7872776926586136,0.12510781830793266
raised_floor_t3,2.8030250242555548,0.12292560792660125
raised_floor_t3,2.818772355852496,0.12084258892623945
raised_floor_t3,2.8345196874494376,0.1188587613068472
raised_floor_t3,2.850267019046379,0.11697412506842461
raised_floor_t3,2.86601435064332,0.11518868021097163
raised_floor_t3,2.881761682240261,0.11350242673448827
raised_floor_t3,2.897509013837203,0.11191536463897446
raised_floor_t3,2.913256345434144,0.11042749392443031
raised_floor_t3,2.929003677031085,0.10903881459085578
raised_floor_t3,2.944751008628027,0.10774932663825082
raised_floor_t3,2.960498340224968,0.10655903006661549
raised_floor_t3,2.9762456718219092,0.10546792487594979
raised_floor_t3,2.9919930034188504,0.10447601106625369
raised_floor_t3,3.007740335015792,0.10358328863752718
raised_floor_t3,3.0234876666127333,0.1027897575897703
raised_floor_t3,3.0392349982096745,0.10209541792298303
raised_floor_t3,3.054982329806616,0.10150026963716535
raised_floor_t3,3.0707296614035573,0.1010043127323173
raised_floor_t3,3.0864769930004985,0.10060754720843887
raised_floor_t3,3.1022243245974397,0.10030997306553004
raised_floor_t3,3.1179716561943813,0.10011159030359082
raised_floor_t3,3.1337189877913225,0.1000123989226212
raised_floor_t3,3.1494663193882637,0.1000123989226212
raised_floor_t3,3.1652136509852054,0.10011159030359082
raised_floor_t3,3.1809609825821465,0.10030997306553004
raised_floor_t3,3.1967083141790877,0.10060754720843887
raised_floor_t3,3.212455645776029,0.1010043127323173
raised_floor_t3,3.2282029773729706,0.10150026963716537
raised_floor_t3,3.2439503089699118,0.10209541792298303
raised_floor_t3,3.259697640566853,0.1027897575897703
raised_floor_t3,3.275444972163794,0.10358328863752718
raised_floor_t3,3.291192303760736,0.10447601106625369
raised_floor_t3,3.306939635357677,0.10546792487594979
raised_floor_t3,3.322686966954618,0.10655903006661549
raised_floor_t3,3.33843429855156,0.10774932663825085
raised_floor_t3,3.354181630148501,0.10903881459085578
raised_floor_t3,3.369928961745442,0.11042749392443031
raised_floor_t3,3.3856762933423834,0.11191536463897446
raised_floor_t3,3.401423624939325,0.11350242673448827
raised_floor_t3,3.4171709565362662,0.11518868021097163
raised_floor_t3,3.4329182881332074,0.11697412506842461
raised_floor_t3,3.448665619730149,0.11885876130684725
raised_floor_t3,3.4644129513270903,0.12084258892623945
raised_floor_t3,3.4801602829240315,0.12292560792660125
raised_floor_t3,3.4959076145209727,0.12510781830793266
raised_floor_t3,3.5116549461179143,0.12738922007023376
raised_floor_t3,3.5274022777148555,0.1297698132135044
raised_floor_t3,3.5431496093117967,0.13224959773774464
raised_floor_t3,3.5588969409087383,0.13482857364295456
raised_floor_t3,3.5746442725056795,0.13750674092913404
raised_floor_t3,3.5903916041026207,0.1402840995962831
raised_floor_t3,3.606138935699562,0.14316064964440178
raised_floor_t3,3.6218862672965035,0.14613639107349016
raised_floor_t3,3.6376335988934447,0.14921132388354807
raised_floor_t3,3.653380930490386,0.15238544807457557
raised_floor_t3,3.6691282620873276,0.1556587636465728
raised_floor_t3,3.6848755936842688,0.15903127059953953
raised_floor_t3,3.70062292528121,0.16250296893347588
raised_floor_t3,3.716370256878151,0.1660738586483818
raised_floor_t3,3.732117588475093,0.1697439397442575
raised_floor_t3,3.747864920072034,0.17351321222110266
raised_floor_t3,3.763612251668975,0.17738167607891744
raised_floor_t3,3.779359583265917,0.18134933131770195
raised_floor_t3,3.795106914862858,0.18541617793745596
raised_floor_t3,3.810854246459799,0.18958221593817956
raised_floor_t3,3.8266015780567404,0.1938474453198728
raised_floor_t3,3.842348909653682,0.19821186608253574
raised_floor_t3,3.8580962412506232,0.2026754782261682
raised_floor_t3,3.8738435728475644,0.20723828175077022
raised_floor_t3,3.8895909044445056,0.2119002766563419
raised_floor_t3,3.9053382360414473,0.2166614629428833
raised_floor_t3,3.9210855676383884,0.22152184061039418
raised_floor_t3,3.9368328992353296,0.22648140965887464
raised_floor_t3,3.9525802308322713,0.23154017008832492
raised_floor_t3,3.9683275624292125,0.23669812189874462
raised_floor_t3,3.9840748940261537,0.24195526509013393
raised_floor_t3,3.999822225623095,0.24731159966249286
raised_floor_t3,4.0155695572200365,0.2527671256158216
raised_floor_t3,4.031316888816978,0.25832184295011973
raised_floor_t3,4.047064220413919,0.26397575166538745
raised_floor_t3,4.06281155201086,0.26972885176162487
raised_floor_t3,4.078558883607801,0.2755811432388318
raised_floor_t3,4.094306215204743,0.2815326260970087
raised_floor_t3,4.1100535468016846,0.2875833003361549
raised_floor_t3,4.125800878398626,0.29373316595627075
raised_floor_t3,4.141548209995567,0.29998222295735616
raised_floor_t3,4.157295541592508,0.30633047133941116
raised_floor_t3,4.173042873189449,0.3127779111024358
raised_floor_t3,4.1887902047863905,0.31932454224643003
raised_floor_t3,4.204537536383333,0.3259703647713943
raised_floor_t3,4.220284867980274,0.3327153786773278
raised_floor_t3,4.236032199577215,0.3395595839642308
raised_floor_t3,4.251779531174156,0.3465029806321035
raised_floor_t3,4.267526862771097,0.3535455686809458
raised_floor_t3,4.283274194368039,0.36068734811075776
raised_floor_t3,4.29902152596498,0.3679283189215392
raised_floor_t3,4.314768857561922,0.3752684811132908
raised_floor_t3,4.330516189158863,0.38270783468601155
raised_floor_t3,4.346263520755804,0.3902463796397019
raised_floor_t3,4.362010852352745,0.3978841159743618
raised_floor_t3,4.377758183949687,0.4056210436899914
raised_floor_t3,4.393505515546628,0.4134571627865905
raised_floor_t3,4.409252847143569,0.4213924732641593
raised_floor_t3,4.425000178740511,0.42942697512269823
raised_floor_t3,4.440747510337452,0.4375606683622062
raised_floor_t3,4.4564948419343935,0.44579355298268386
raised_floor_t3,4.472242173531335,0.454125628984131
raised_floor_t3,4.487989505128276,0.46255689636654784
raised_floor_t3,4.503736836725217,0.47108735512993427
raised_floor_t3,4.519484168322158,0.4797170052742904
raised_floor_t3,4.5352314999190995,0.488445846799616
raised_floor_t3,4.5509788315160415,0.49727387970591175
raised_floor_t3,4.566726163112983,0.5062011039931766
raised_floor_t3,4.582473494709924,0.5152275196614111
raised_floor_t3,4.598220826306865,0.5243531267106153
raised_floor_t3,4.613968157903806,0.533577925140789
raised_floor_t3,4.6297154895007475,0.5429019149519323
raised_floor_t3,4.645462821097689,0.5523250961440452
raised_floor_t3,4.661210152694631,0.5618474687171283
raised_floor_t3,4.676957484291572,0.5714690326711804
raised_floor_t3,4.692704815888513,0.5811897880062021
raised_floor_t3,4.708452147485454,0.5910097347221935
raised_floor_t3,4.724199479082396,0.6009288728191545
raised_floor_t3,4.739946810679337,0.6109472022970851
raised_floor_t3,4.755694142276278,0.6210647231559853
raised_floor_t3,4.77144147387322,0.6312814353958557
raised_floor_t3,4.787188805470161,0.6415973390166951
raised_floor_t3,4.802936137067102,0.6520124340185041
raised_floor_t3,4.818683468664044,0.6625267204012828
raised_floor_t3,4.834430800260985,0.673140198165031
raised_floor_t3,4.850178131857926,0.6838528673097489
raised_floor_t3,4.865925463454867,0.6946647278354363
raised_floor_t3,4.881672795051809,0.7055757797420941
raised_floor_t3,4.8974201266487505,0.7165860230297207
raised_floor_t3,4.913167458245692,0.7276954576983171
raised_floor_t3,4.928914789842633,0.738904083747883
raised_floor_t3,4.944662121439574,0.7502119011784185
raised_floor_t3,4.960409453036515,0.7616189099899237
raised_floor_t3,4.9761567846334565,0.7731251101823984
raised_floor_t3,4.9919041162303985,0.7847305017558434
raised_floor_t3,5.00765144782734,0.7964350847102573
raised_floor_t3,5.023398779424281,0.8082388590456409
raised_floor_t3,5.039146111021222,0.820141824761994
raised_floor_t3,5.054893442618163,0.8321439818593168
raised_floor_t3,5.0706407742151045,0.8442453303376092
raised_floor_t3,5.086388105812046,0.8564458701968712
raised_floor_t3,5.102135437408988,0.8687456014371036
raised_floor_t3,5.117882769005929,0.8811445240583047
raised_floor_t3,5.13363010060287,0.8936426380604756
raised_floor_t3,5.149377432199811,0.9062399434436159
raised_floor_t3,5.165124763796753,0.918936440207726
raised_floor_t3,5.180872095393694,0.9317321283528058
raised_floor_t3,5.196619426990635,0.9446270078788549
raised_floor_t3,5.212366758587577,0.9576210787858747
raised_floor_t3,5.228114090184518,0.9707143410738631
raised_floor_t3,5.243861421781459,0.9839067947428213
raised_floor_t3,5.259608753378401,0.9971984397927489
raised_floor_t3,5.275356084975342,1.0105892762236464
raised_floor_t3,5.291103416572283,1.0240793040355132
raised_floor_t3,5.306850748169224,1.0376685232283498
raised_floor_t3,5.322598079766166,1.0513569338021567
raised_floor_t3,5.3383454113631075,1.0651445357569325
raised_floor_t3,5.354092742960049,1.0790313290926778
raised_floor_t3,5.36984007455699,1.0930173138093928
raised_floor_t3,5.385587406153931,1.1071024899070774
raised_floor_t3,5.401334737750872,1.1212868573857318
raised_floor_t3,5.4170820693478134,1.1355704162453555
raised_floor_t3,5.4328294009447555,1.1499531664859497
raised_floor_t3,5.448576732541697,1.1644351081075126
raised_floor_t3,5.464324064138638,1.1790162411100453
raised_floor_t3,5.480071395735579,1.1936965654935476
raised_floor_t3,5.49581872733252,1.2084760812580193
raised_floor_t3,5.5115660589294615,1.223354788403461
raised_floor_t3,5.527313390526403,1.238332686929872
raised_floor_t3,5.543060722123345,1.2534097768372536
raised_floor_t3,5.558808053720286,1.2685860581256039
raised_floor_t3,5.574555385317227,1.2838615307949237
raised_floor_t3,5.590302716914168,1.2992361948452134
raised_floor_t3,5.6060500485111096,1.3147100502764724
raised_floor_t3,5.621797380108051,1.3302830970887012
raised_floor_t3,5.637544711704992,1.3459553352818996
raised_floor_t3,5.653292043301933,1.3617267648560676
raised_floor_t3,5.669039374898875,1.377597385811206
raised_floor_t3,5.684786706495816,1.3935671981473132
raised_floor_t3,5.700534038092758,1.40963620186439
raised_floor_t3,5.716281369689699,1.4258043969624363
raised_floor_t3,5.73202870128664,1.4420717834414523
raised_floor_t3,5.747776032883581,1.458438361301438
raised_floor_t3,5.763523364480522,1.474904130542393
raised_floor_t3,5.7792706960774645,1.491469091164319
raised_floor_t3,5.795018027674406,1.5081332431672134
raised_floor_t3,5.810765359271347,1.5248965865510775
raised_floor_t3,5.826512690868288,1.5417591213159112
raised_floor_t3,5.842260022465229,1.5587208474617145
raised_floor_t3,5.85800735406217,1.5757817649884873
raised_floor_t3,5.873754685659112,1.5929418738962298
raised_floor_t3,5.889502017256054,1.610201174184943
raised_floor_t3,5.905249348852995,1.6275596658546245
raised_floor_t3,5.920996680449936,1.645017348905276
raised_floor_t3,5.936744012046877,1.6625742233368968
raised_floor_t3,5.9524913436438185,1.6802302891494874
raised_floor_t3,5.96823867524076,1.6979855463430475
raised_floor_t3,5.983986006837701,1.715839994917577
raised_floor_t3,5.999733338434643,1.7337936348730776
raised_floor_t3,6.015480670031584,1.7518464662095465
raised_floor_t3,6.031228001628525,1.769998488926985
raised_floor_t3,6.0469753332254665,1.7882497030253934
raised_floor_t3,6.062722664822408,1.8066001085047712
raised_floor_t3,6.078469996419349,1.8250497053651187
raised_floor_t3,6.09421732801629,1.8435984936064356
raised_floor_t3,6.109964659613232,1.8622464732287232
raised_floor_t3,6.125711991210173,1.8809936442319797
raised_floor_t3,6.141459322807115,1.8998400066162053
raised_floor_t3,6.157206654404056,1.918785560381401
raised_floor_t3,6.172953986000997,1.937830305527566
raised_floor_t3,6.188701317597938,1.9569742420547007
raised_floor_t3,6.204448649194879,1.976217369962805
raised_floor_t3,6.2201959807918215,1.99555968925188
raised_floor_t3,6.235943312388763,2.0150011999219237
raised_floor_t3,6.251690643985704,2.0345419019729367
raised_floor_t3,6.267437975582645,2.0541817954049195
raised_floor_t3,6.283185307179586,2.0739208802178717
